
INSERT INTO university (univ_id, univ_name, rating, city)
VALUES (10, 'ВГУ', 296, 'Воронеж'),
       (11, 'НГУ', 345, 'Новосибирск'),
       (14, 'БГУ', 326, 'Белгород'),
       (15, 'ТГУ', 368, 'Томск'),
       (18, 'ВГМА', 327, 'Воронеж'),
       (22, 'МГУ', 606, 'Москва'),
       (25, 'СПбГУ', 512, 'Санкт-Петербург'),
       (28, 'КФУ', 478, 'Казань'),
       (32, 'РГУ', 416, 'Ростов'),
       (35, 'УрФУ', 389, 'Екатеринбург'),
       (38, 'ДВФУ', 372, 'Владивосток');


INSERT INTO student (student_id, surname, name, stipend, kurs, city, birthday, univ_id)
VALUES (1, 'Иванов', 'Иван', 150, 1, 'Орёл', '1982-12-03', 10),
       (3, 'Петров', 'Пётр', 200, 3, 'Курск', '1980-12-01', 10),
       (6, 'Сидоров', 'Вадим', 150, 4, 'Москва', '1979-06-07', 22),
       (10, 'Кузнецов', 'Борис', 0, 2, 'Брянск', '1981-12-08', 10),
       (12, 'Зайцева', 'Ольга', 250, 2, 'Липецк', '1981-05-01', 10),
       (32, 'Котов', 'Павел', 150, 5, 'Белгород', NULL, 14),
       (55, 'Белкин', 'Вадим', 250, 5, 'Воронеж', '1980-01-07', 10),
       (76, 'Громов', 'Алексей', 200, 3, 'Москва', '1981-11-03', 22),
       (89, 'Кириллова', 'Елена', 300, 2, 'Ростов', '1982-03-12', 32),
       (98, 'Фёдоров', 'Дмитрий', 150, 1, 'Томск', '1983-02-05', 15),
       (112, 'Смирнова', 'Мария', 220, 4, 'Новосибирск', '1980-07-14', 11),
       (134, 'Морозов', 'Николай', 180, 2, 'Казань', '1981-10-22', 28),
       (147, 'Беляева', 'Анна', 260, 5, 'Екатеринбург', '1979-09-10', 35),
       (158, 'Романов', 'Илья', 0, 1, 'Владивосток', '1983-04-21', 38),
       (265, 'Павлов', 'Андрей', 0, 3, 'Воронеж', '1979-11-05', 10),
       (654, 'Лукин', 'Артем', 200, 3, 'Воронеж', '1981-12-01', 10),
       (276, 'Петров', 'Антон', 200, 4, NULL, '1981-08-05', 22);

INSERT INTO lecturer (lecturer_id, surname, name, city, univ_id)
VALUES (24, 'Колесников', 'Борис', 'Воронеж', 10),
       (46, 'Никонов', 'Иван', 'Воронеж', 10),
       (74, 'Лагутин', 'Павел', 'Москва', 22),
       (108, 'Струков', 'Николай', 'Москва', 22),
       (276, 'Николаев', 'Виктор', 'Воронеж', 10),
       (328, 'Сорокин', 'Андрей', 'Орёл', 10),
       (341, 'Мартынов', 'Пётр', 'Новосибирск', 11),
       (362, 'Ершов', 'Дмитрий', 'Ростов', 32),
       (415, 'Кузьмина', 'Екатерина', 'Казань', 28),
       (498, 'Поляков', 'Сергей', 'Екатеринбург', 35),
       (512, 'Орлова', 'Наталья', 'Томск', 15),
       (553, 'Ким', 'Олег', 'Владивосток', 38);

INSERT INTO subject (subj_id, subj_name, hour, semester)
VALUES (10, 'Информатика', 56, 1),
       (22, 'Физика', 34, 1),
       (43, 'Математика', 56, 2),
       (56, 'История', 34, 4),
       (73, 'Физкультура', 34, 5),
       (94, 'Английский язык', 56, 3),
       (105, 'Химия', 34, 2),
       (118, 'Биология', 40, 3),
       (121, 'Программирование', 72, 2),
       (134, 'Экономика', 40, 4),
       (147, 'Социология', 32, 5),
       (159, 'Философия', 48, 4);

INSERT INTO exam_marks (exam_id, student_id, subj_id, mark, exam_date)
VALUES (145, 12, 10, 5, '2000-01-12'),
       (34, 32, 10, 4, '2000-01-23'),
       (75, 55, 10, 5, '2000-01-05'),
       (238, 12, 22, 3, '1999-06-17'),
       (639, 55, 22, NULL, '1999-06-22'),
       (43, 6, 22, 4, '2000-01-18'),
       (79, 1, 43, 5, '2000-06-14'),
       (80, 3, 43, 3, '2000-06-14'),
       (81, 76, 56, 5, '2000-06-22'),
       (82, 112, 56, 4, '2000-06-23'),
       (83, 134, 94, 5, '2000-01-12'),
       (84, 147, 134, 3, '2000-01-15'),
       (85, 158, 147, 4, '2000-06-28'),
       (86, 98, 121, 5, '2000-06-30'),
       (87, 265, 10, 3, '2000-06-18');

INSERT INTO subj_lect (lecturer_id, subj_id)
VALUES (24, 10),
       (46, 22),
       (74, 43),
       (108, 56),
       (276, 94),
       (328, 73),
       (341, 105),
       (362, 118),
       (415, 121),
       (498, 134),
       (512, 147),
       (553, 159);